case,elements,inputs,ansys_deflection_mm,ansys_stress_mpa,reaction_n,reference,neural,deflection_vs_equation_pct,stress_vs_equation_pct,neural_vs_ansys_pct
1,4,"[500, 30, 25, 69000, 100]",1.548877277695592,16.0,99.99999999969569,"[1.5458937198067633, 16.0]","[1.5460864305340047, 16.006159278109074]",0.19299890093360528,0.0,"[0.1801851703667201, 0.038495488181711224]"
1,8,"[500, 30, 25, 69000, 100]",1.548876928147019,16.0,100.0000000015645,"[1.5458937198067633, 16.0]","[1.5460864305340047, 16.006159278109074]",0.19297628951029377,0.0,"[0.18016264315801056, 0.038495488181711224]"
1,16,"[500, 30, 25, 69000, 100]",1.548876840671737,16.0,99.99999999653431,"[1.5458937198067633, 16.0]","[1.5460864305340047, 16.006159278109074]",0.19297063095298217,0.0,"[0.18015700567399762, 0.038495488181711224]"
2,4,"[800, 40, 40, 200000, 300]",1.202315986814665,22.5,299.9999999995259,"[1.2, 22.5]","[1.1976461221882762, 22.530476723650526]",0.19299890122208563,0.0,"[0.388405766670441, 0.13545210511345385]"
2,8,"[800, 40, 40, 200000, 300]",1.202315715449031,22.5,299.999999997476,"[1.2, 22.5]","[1.1976461221882762, 22.530476723650526]",0.19297628741925532,0.0,"[0.3883832840869794, 0.13545210511345385]"
2,16,"[800, 40, 40, 200000, 300]",1.202315647605494,22.5,299.9999999989883,"[1.2, 22.5]","[1.1976461221882762, 22.530476723650526]",0.1929706337911563,0.0,"[0.388377663263173, 0.13545210511345385]"
3,4,"[300, 20, 20, 110000, 50]",0.3078708311471479,11.25,50.00000000023903,"[0.3068181818181818, 11.25]","[0.31043638894675785, 11.385570368493024]",0.3430857072185711,0.0,"[0.8333227899669726, 1.2050699421602085]"
3,8,"[300, 20, 20, 110000, 50]",0.3078707617621039,11.25,49.99999999955908,"[0.3068181818181818, 11.25]","[0.31043638894675785, 11.385570368493024]",0.3430630928338507,0.0,"[0.8333455148418656, 1.2050699421602085]"
3,16,"[300, 20, 20, 110000, 50]",0.3078707444144154,11.25,49.99999999899173,"[0.3068181818181818, 11.25]","[0.31043638894675785, 11.385570368493024]",0.34305743877243167,0.0,"[0.8333511965296969, 1.2050699421602085]"
4,4,"[900, 50, 30, 69000, 200]",6.266241018103814,24.0,199.9999999958744,"[6.260869565217392, 24.0]","[6.173844511150141, 23.993800315553536]",0.08579403915813799,0.0,"[1.4745124977914248, 0.02583201852693895]"
4,8,"[900, 50, 30, 69000, 200]",6.266239602401289,24.0,199.9999999994673,"[6.260869565217392, 24.0]","[6.173844511150141, 23.993800315553536]",0.08577142724282005,0.0,"[1.4744902383838299, 0.02583201852693895]"
4,16,"[900, 50, 30, 69000, 200]",6.266239248376158,24.0,199.9999999975815,"[6.260869565217392, 24.0]","[6.173844511150141, 23.993800315553536]",0.08576577267473962,0.0,"[1.4744846719659033, 0.02583201852693895]"
5,4,"[600, 25, 50, 210000, 400]",0.5294515873567699,23.04,399.9999999997394,"[0.5266285714285714, 23.04]","[0.5275930423457048, 22.956976764999776]",0.5360544568519199,0.0,"[0.35103209725816376, 0.3603439019106869]"
5,8,"[600, 25, 50, 210000, 400]",0.5294514682713425,23.04,400.0000000027895,"[0.5266285714285714, 23.04]","[0.5275930423457048, 22.956976764999776]",0.5360318440591705,0.0,"[0.35100968398584786, 0.3603439019106869]"
5,16,"[600, 25, 50, 210000, 400]",0.5294514384957202,23.04,400.0000000012434,"[0.5266285714285714, 23.04]","[0.5275930423457048, 22.956976764999776]",0.5360261900510199,0.0,"[0.3510040798633929, 0.3603439019106869]"
6,4,"[1000, 60, 20, 200000, 100]",4.167954381275043,25.0,99.99999999974773,"[4.166666666666667, 25.0]","[4.1115406722270995, 24.7816222476212]",0.030905150601023834,0.0,"[1.3535107126264934, 0.8735110095151932]"
6,8,"[1000, 60, 20, 200000, 100]",4.167953439265847,25.0,100.0000000021993,"[4.166666666666667, 25.0]","[4.1115406722270995, 24.7816222476212]",0.030882542380306077,0.0,"[1.353488417295845, 0.8735110095151932]"
6,16,"[1000, 60, 20, 200000, 100]",4.167953202272203,25.0,99.99999996221888,"[4.166666666666667, 25.0]","[4.1115406722270995, 24.7816222476212]",0.03087685453286859,0.0,"[1.3534828081646855, 0.8735110095151932]"
